<?xml version="1.0" encoding="utf-8"?>
<odoo>
    <data noupdate="0">
        
        <!-- Group For Helpdesk Team - Own Tickets -->
        <record id="group_helpdesk_security_group_own_ticket" model="res.groups">
            <field name="name">Helpdesk Team - Own Tickets</field>
            <field name="implied_ids" eval="[(4, ref('base.group_user'))]"/>
            <field name="category_id" ref="base.module_category_helpdesk"/>
        </record>
        
        <!-- Rule For Helpdesk Team - Own Tickets -->
        
        <record id="rule_helpdesk_security_own_ticket" model="ir.rule">
            <field name="name">Helpdesk Team - Own Tickets</field>
            <field name="model_id" ref="model_helpdesk_ticket"/>
            <field name="domain_force">['|',('user_id','=',user.id),('v_group_user_id', 'in' ,[user.id])]</field>
            <field name="groups" eval="[(4, ref('group_helpdesk_security_group_own_ticket'))]"/>
        </record>
        
    </data>
</odoo>
