<?xml version="1.0" encoding="UTF-8"?>
<openerp>
    <data noupdate="1">
        <record id="cron_client" model="ir.cron">
            <field name="name">Dead man&apos;s switch client</field>
            <field name="interval_number">5</field>
            <field name="interval_type">minutes</field>
            <field name="numbercall">-1</field>
            <field name="model">dead.mans.switch.client</field>
            <field name="function">alive</field>
        </record>
    </data>
</openerp>
