"id","name","model_id:id","group_id:id","perm_read","perm_write","perm_create","perm_unlink"
"access_custom_info_template_user","custom.info.template.user","model_custom_info_template","base.group_user",1,0,0,0
"access_custom_info_property_user","custom.info.template.line.user","model_custom_info_property","base.group_user",1,0,0,0
"access_custom_info_value_user","custom.info.value.user","model_custom_info_value","base.group_user",1,0,0,0
"access_custom_info_template_sale_manager","custom.info.template.salemanager","model_custom_info_template","base.group_system",1,1,1,1
"access_custom_info_property_sale_manager","custom.info.template.line.salemanager","model_custom_info_property","base.group_system",1,1,1,1
"access_custom_info_value_sale_manager","custom.info.value.salemanager","model_custom_info_value","base.group_system",1,1,1,1
