<?xml version="1.0" encoding="utf-8"?>
<openerp>
    <data noupdate="1">

        <record forcecreate="True" id="ir_cron_first_days_reminder_action" model="ir.cron">
            <field name="name">First Days Reminders To Employee</field>
            <field eval="True" name="active"/>
            <field name="user_id" ref="base.user_root"/>
            <field name="interval_number">1</field>
            <field name="interval_type">days</field>
            <field name="numbercall">-1</field>
            <field eval="False" name="doall"/>
            <field eval="'employee.certificate'" name="model"/>
            <field eval="'run_first_days_reminder'" name="function"/>
            <field eval="'()'" name="args"/>
        </record>
        
        <record forcecreate="True" id="ir_cron_second_days_reminder_action" model="ir.cron">
            <field name="name">Second Days Reminders To Employee</field>
            <field eval="True" name="active"/>
            <field name="user_id" ref="base.user_root"/>
            <field name="interval_number">1</field>
            <field name="interval_type">days</field>
            <field name="numbercall">-1</field>
            <field eval="False" name="doall"/>
            <field eval="'employee.certificate'" name="model"/>
            <field eval="'run_second_days_reminder'" name="function"/>
            <field eval="'()'" name="args"/>
        </record>
        
    </data>
</openerp>
