<?xml version="1.0" ?>
<openerp>
    <data noupdate="1">
        <record id="email_template_first_days_reminder" model="mail.template">
            <field name="name">First Day Reminder To Employee Certificate</field>
            <field name="email_from">${(object.company_id.email)}</field>
            <field name="subject">Reminder for Expiring - ${(object.certificate_id.name)}</field>
            <field name="model_id" ref="employee_certificate_manage.model_employee_certificate"/>
            <field name="email_to" >${(object.employee_id.work_email, object.employee_id.parent_id.work_email)}</field>
            <field name="auto_delete" eval="True"/>
            <field name="body_html"><![CDATA[
                <html>
                    <head>
                        <meta http-equiv="Content-type" content="text/html; charset=utf-8" />
                        <title>Second Day Reminder To Employee Certificate</title>
                    </head>
                    <body>
                        <div> 
                            <p> 
                                Hello,
                            </p>
                        </div>
                        <p>
                            This email is remind you that below certificates are going to expire soon.
                        </p>
                        <table class="table table-responsive">
                            <tr>
                                <td><b>Name of Certificate:</b></td>
                                <td>${object.certificate_id.name}</td>
                            </tr>
                            <tr>
                                <td><b>Employee:</b></td>
                                <td>${object.employee_id.name}</td>
                            </tr>
                            <tr>
                                <td><b>Certification Partner:</b></td>
                                <td>${object.partner_id.name}</td>
                            </tr>
                                <td><b>Description/Requirement:</b></td>
                                <td>${object.desc or ''}</td>
                            </tr>
                            <tr>
                                <td><b>Certificate Date:</b></td>
                                <td>${object.certification_date or ''}</td>
                            </tr>
                            <tr>
                                <td><b>Certification Expiration Date:</b></td>
                                <td>${object.certfication_exp_date or ''}</td>
                            </tr>
                            <tr>
                                <td><b>First Days to Reminder:</b></td>
                                <td>${object.first_days_reminder or ''}</td>
                            </tr>
                            <tr>
                                <td><b>Second Days to Reminder</b></td>
                                <td>${object.second_days_reminder or ''}</td>
                            </tr>
                        </table>
                       
                        <br/>
                        <div>
                            <p>Thank you for choosing ${object.company_id.name or 'us'}!</p>
                                <br/>
                                <div style="width: 375px; margin: 0px; padding: 0px; background-color: #8E0000; border-top-left-radius: 5px 5px; border-top-right-radius: 5px 5px; background-repeat: repeat no-repeat;">
                            <h3 style="margin: 0px; padding: 2px 14px; font-size: 12px; color: #DDD;">
                                <strong style="text-transform:uppercase;">${object.company_id.name}</strong></h3>
                        </div>
                        <div style="width: 347px; margin: 0px; padding: 5px 14px; line-height: 16px; background-color: #F2F2F2;">
                            <span style="color: #222; margin-bottom: 5px; display: block; ">
                                ${object.company_id.partner_id.sudo().with_context(show_address=True, html_format=True).name_get()[0][1] | safe}
                            </span>
                            % if object.company_id.phone:
                                <div style="margin-top: 0px; margin-right: 0px; margin-bottom: 0px; margin-left: 0px; padding-top: 0px; padding-right: 0px; padding-bottom: 0px; padding-left: 0px; ">
                                    Phone:&nbsp; ${object.company_id.phone}
                                </div>
                            % endif
                            % if object.company_id.website:
                                <div>
                                    Web :&nbsp;<a href="${object.company_id.website}">${object.company_id.website}</a>
                                </div>
                            %endif
                            <p></p>
                        </div>
                </html>
            ]]>
            </field>
        </record>
    </data>
</openerp>
