id,state_id/id,name
34001,base.state_us_25,Atlantic County
34003,base.state_us_25,Bergen County
34005,base.state_us_25,Burlington County
34007,base.state_us_25,Camden County
34009,base.state_us_25,Cape May County
34011,base.state_us_25,Cumberland County
34013,base.state_us_25,Essex County
34015,base.state_us_25,Gloucester County
34017,base.state_us_25,Hudson County
34019,base.state_us_25,Hunterdon County
34021,base.state_us_25,Mercer County
34023,base.state_us_25,Middlesex County
34025,base.state_us_25,Monmouth County
34027,base.state_us_25,Morris County
34029,base.state_us_25,Ocean County
34031,base.state_us_25,Passaic County
34033,base.state_us_25,Salem County
34035,base.state_us_25,Somerset County
34037,base.state_us_25,Sussex County
34039,base.state_us_25,Union County
34041,base.state_us_25,Warren County
36001,base.state_us_27,Albany County
36003,base.state_us_27,Allegany County
36005,base.state_us_27,Bronx County
36007,base.state_us_27,Broome County
36009,base.state_us_27,Cattaraugus County
36011,base.state_us_27,Cayuga County
36013,base.state_us_27,Chautauqua County
36015,base.state_us_27,Chemung County
36017,base.state_us_27,Chenango County
36019,base.state_us_27,Clinton County
36021,base.state_us_27,Columbia County
36023,base.state_us_27,Cortland County
36025,base.state_us_27,Delaware County
36027,base.state_us_27,Dutchess County
36029,base.state_us_27,Erie County
36031,base.state_us_27,Essex County
36033,base.state_us_27,Franklin County
36035,base.state_us_27,Fulton County
36037,base.state_us_27,Genesee County
36039,base.state_us_27,Greene County
36041,base.state_us_27,Hamilton County
36043,base.state_us_27,Herkimer County
36045,base.state_us_27,Jefferson County
36047,base.state_us_27,Kings County
36049,base.state_us_27,Lewis County
36051,base.state_us_27,Livingston County
36053,base.state_us_27,Madison County
36055,base.state_us_27,Monroe County
36057,base.state_us_27,Montgomery County
36059,base.state_us_27,Nassau County
36061,base.state_us_27,New York County
36063,base.state_us_27,Niagara County
36065,base.state_us_27,Oneida County
36067,base.state_us_27,Onondaga County
36069,base.state_us_27,Ontario County
36071,base.state_us_27,Orange County
36073,base.state_us_27,Orleans County
36075,base.state_us_27,Oswego County
36077,base.state_us_27,Otsego County
36079,base.state_us_27,Putnam County
36081,base.state_us_27,Queens County
36083,base.state_us_27,Rensselaer County
36085,base.state_us_27,Richmond County
36087,base.state_us_27,Rockland County
36089,base.state_us_27,St. Lawrence County
36091,base.state_us_27,Saratoga County
36093,base.state_us_27,Schenectady County
36095,base.state_us_27,Schoharie County
36097,base.state_us_27,Schuyler County
36099,base.state_us_27,Seneca County
36101,base.state_us_27,Steuben County
36103,base.state_us_27,Suffolk County
36105,base.state_us_27,Sullivan County
36107,base.state_us_27,Tioga County
36109,base.state_us_27,Tompkins County
36111,base.state_us_27,Ulster County
36113,base.state_us_27,Warren County
36115,base.state_us_27,Washington County
36117,base.state_us_27,Wayne County
36119,base.state_us_27,Westchester County
36121,base.state_us_27,Wyoming County
36123,base.state_us_27,Yates County
