<?xml version="1.0" encoding="UTF-8"?>
<!-- ********************************************************************** -->
<!--Admin Passkey module for OpenERP                                        -->
<!--Copyright (C) 2013-2014 GRAP (http://www.grap.coop)                     -->
<!--@author Sylvain LE GAL (https://twitter.com/legalsylvain)               -->

<!--This program is free software: you can redistribute it and/or modify    -->
<!--it under the terms of the GNU Affero General Public License as          -->
<!--published by the Free Software Foundation, either version 3 of the      -->
<!--License, or (at your option) any later version.                         -->

<!--This program is distributed in the hope that it will be useful,         -->
<!--but WITHOUT ANY WARRANTY; without even the implied warranty of          -->
<!--MERCHANTABILITY or FITNESS FOR A PARTICULAR PURPOSE.  See the           -->
<!--GNU Affero General Public License for more details.                     -->

<!--You should have received a copy of the GNU Affero General Public License-->
<!--along with this program.  If not, see <http://www.gnu.org/licenses/>.   -->
<!-- ********************************************************************** -->
<openerp>
    <data noupdate="1">

        <record id="send_to_admin" model="ir.config_parameter">
            <field name="key">auth_admin_passkey.send_to_admin</field>
            <field name="value">True</field>
        </record>

        <record id="send_to_user" model="ir.config_parameter">
            <field name="key">auth_admin_passkey.send_to_user</field>
            <field name="value">True</field>
        </record>

    </data>
</openerp>
