id,name,model_id:id,group_id:id,perm_read,perm_write,perm_create,perm_unlink
access_equipment_subscriptions_linet_sale_person,equipment.subscriptions.line,model_equipment_subscriptions_line,sales_team.group_sale_salesman,1,1,1,1
access_equipment_subscriptions_linet_employee,equipment.subscriptions.line,model_equipment_subscriptions_line,base.group_user,1,0,0,0
access_equipment_subscriptions_linet_portal,equipment.subscriptions.line,model_equipment_subscriptions_line,base.group_portal,1,0,0,0
access_helpdesk_reported_issues_user,helpdesk.reported.issues,model_helpdesk_reported_issues,helpdesk.group_helpdesk_user,1,0,0,0
access_helpdesk_cause_user,helpdesk.cause,model_helpdesk_cause,helpdesk.group_helpdesk_user,1,0,0,0
access_helpdesk_resolution_user,helpdesk.resolution,model_helpdesk_resolution,helpdesk.group_helpdesk_user,1,0,0,0
access_helpdesk_location_user,helpdesk.location,model_helpdesk_location,helpdesk.group_helpdesk_user,1,0,0,0
access_helpdesk_make_user,helpdesk.make,model_helpdesk_make,helpdesk.group_helpdesk_user,1,0,0,0
access_helpdesk_reported_issues_manager,helpdesk.reported.issues,model_helpdesk_reported_issues,helpdesk.group_helpdesk_manager,1,1,1,1
access_helpdesk_cause_manager,helpdesk.cause,model_helpdesk_cause,helpdesk.group_helpdesk_manager,1,1,1,1
access_helpdesk_resolution_manager,helpdesk.resolution,model_helpdesk_resolution,helpdesk.group_helpdesk_manager,1,1,1,1
access_helpdesk_location_manager,helpdesk.location,model_helpdesk_location,helpdesk.group_helpdesk_manager,1,1,1,1
access_helpdesk_make_manager,helpdesk.make,model_helpdesk_make,helpdesk.group_helpdesk_manager,1,1,1,1
access_helpdesk_reported_issues_portal,helpdesk.reported.issues,model_helpdesk_reported_issues,base.group_portal,1,0,0,0
access_helpdesk_cause_portal,helpdesk.cause,model_helpdesk_cause,base.group_portal,1,0,0,0
access_helpdesk_resolution_portal,helpdesk.resolution,model_helpdesk_resolution,base.group_portal,1,0,0,0
access_helpdesk_location_portal,helpdesk.location,model_helpdesk_location,base.group_portal,1,0,0,0
access_helpdesk_make_portal,helpdesk.make,model_helpdesk_make,base.group_portal,1,0,0,0
access_helpdesk_work_time_line,helpdesk.work.time.line,model_helpdesk_work_time_line,,1,1,1,0
